<?xml version="1.0" encoding="UTF-8"?>
<GenRun Id="synth_1" LaunchPart="xc7a35tcpg236-1" LaunchTime="1555449291">
  <File Type="PA-TCL" Name="i2s_playback.tcl"/>
  <File Type="RDS-PROPCONSTRS" Name="i2s_playback_drc_synth.rpt"/>
  <File Type="RDS-RDS" Name="i2s_playback.vds"/>
  <File Type="RDS-UTIL" Name="i2s_playback_utilization_synth.rpt"/>
  <File Type="RDS-UTIL-PB" Name="i2s_playback_utilization_synth.pb"/>
  <File Type="RDS-DCP" Name="i2s_playback.dcp"/>
  <File Type="VDS-TIMINGSUMMARY" Name="i2s_playback_timing_summary_synth.rpt"/>
  <File Type="VDS-TIMING-PB" Name="i2s_playback_timing_summary_synth.pb"/>
  <FileSet Name="sources" Type="DesignSrcs" RelSrcDir="$PSRCDIR/sources_1">
    <Filter Type="Srcs"/>
    <File Path="$PSRCDIR/sources_1/new/i2s_transceiver.vhd">
      <FileInfo>
        <Attr Name="ImportPath" Val="$PPRDIR/../../../../../../../../../../Xilinx/playground/pmod_i2s_quick_start/i2s_playback/i2s_playback.srcs/sources_1/new/i2s_transceiver.vhd"/>
        <Attr Name="ImportTime" Val="1553878742"/>
        <Attr Name="UsedIn" Val="synthesis"/>
        <Attr Name="UsedIn" Val="simulation"/>
      </FileInfo>
    </File>
    <File Path="$PSRCDIR/sources_1/new/i2s_playback.vhd">
      <FileInfo>
        <Attr Name="ImportPath" Val="$PPRDIR/../../../../../../../../../../Xilinx/playground/pmod_i2s_quick_start/i2s_playback/i2s_playback.srcs/sources_1/new/i2s_playback.vhd"/>
        <Attr Name="ImportTime" Val="1555691366"/>
        <Attr Name="UsedIn" Val="synthesis"/>
        <Attr Name="UsedIn" Val="simulation"/>
      </FileInfo>
    </File>
    <Config>
      <Option Name="DesignMode" Val="RTL"/>
      <Option Name="TopModule" Val="i2s_playback"/>
      <Option Name="TopAutoSet" Val="TRUE"/>
    </Config>
  </FileSet>
  <FileSet Name="constrs_in" Type="Constrs" RelSrcDir="$PSRCDIR/constrs_1">
    <Filter Type="Constrs"/>
    <File Path="$PSRCDIR/constrs_1/new/i2s_playback.xdc">
      <FileInfo>
        <Attr Name="ImportPath" Val="$PPRDIR/../../../../../../../../../../Xilinx/playground/pmod_i2s_quick_start/i2s_playback/i2s_playback.srcs/constrs_1/new/i2s_playback.xdc"/>
        <Attr Name="ImportTime" Val="1555449291"/>
        <Attr Name="UsedIn" Val="synthesis"/>
        <Attr Name="UsedIn" Val="implementation"/>
      </FileInfo>
    </File>
    <Config>
      <Option Name="TargetConstrsFile" Val="$PSRCDIR/constrs_1/new/i2s_playback.xdc"/>
      <Option Name="ConstrsType" Val="XDC"/>
    </Config>
  </FileSet>
  <Strategy Version="1" Minor="2">
    <StratHandle Name="Vivado Synthesis Defaults" Flow="Vivado Synthesis 2017"/>
    <Step Id="synth_design"/>
  </Strategy>
  <BlockFileSet Type="BlockSrcs" Name="clk_wiz_0"/>
</GenRun>
