<?xml version="1.0" encoding="UTF-8"?>
<GenRun Id="impl_1" LaunchPart="xc7a35tcpg236-1" LaunchTime="1555449294">
  <File Type="ROUTE-PWR-RPX" Name="i2s_playback_power_routed.rpx"/>
  <File Type="PA-TCL" Name="i2s_playback.tcl"/>
  <File Type="INIT-TIMING" Name="i2s_playback_timing_summary_init.rpt"/>
  <File Type="OPT-METHODOLOGY-DRC" Name="i2s_playback_methodology_drc_opted.rpt"/>
  <File Type="PWROPT-DRC" Name="i2s_playback_drc_pwropted.rpt"/>
  <File Type="RDI-RDI" Name="i2s_playback.vdi"/>
  <File Type="OPT-DCP" Name="i2s_playback_opt.dcp"/>
  <File Type="OPT-HWDEF" Name="i2s_playback.hwdef"/>
  <File Type="OPT-DRC" Name="i2s_playback_drc_opted.rpt"/>
  <File Type="OPT-TIMING" Name="i2s_playback_timing_summary_opted.rpt"/>
  <File Type="PWROPT-DCP" Name="i2s_playback_pwropt.dcp"/>
  <File Type="PWROPT-TIMING" Name="i2s_playback_timing_summary_pwropted.rpt"/>
  <File Type="PLACE-DCP" Name="i2s_playback_placed.dcp"/>
  <File Type="PLACE-IO" Name="i2s_playback_io_placed.rpt"/>
  <File Type="PLACE-CLK" Name="i2s_playback_clock_utilization_placed.rpt"/>
  <File Type="PLACE-UTIL" Name="i2s_playback_utilization_placed.rpt"/>
  <File Type="PLACE-UTIL-PB" Name="i2s_playback_utilization_placed.pb"/>
  <File Type="PLACE-CTRL" Name="i2s_playback_control_sets_placed.rpt"/>
  <File Type="PLACE-SIMILARITY" Name="i2s_playback_incremental_reuse_placed.rpt"/>
  <File Type="PLACE-PRE-SIMILARITY" Name="i2s_playback_incremental_reuse_pre_placed.rpt"/>
  <File Type="PLACE-TIMING" Name="i2s_playback_timing_summary_placed.rpt"/>
  <File Type="POSTPLACE-PWROPT-DCP" Name="i2s_playback_postplace_pwropt.dcp"/>
  <File Type="POSTPLACE-PWROPT-TIMING" Name="i2s_playback_timing_summary_postplace_pwropted.rpt"/>
  <File Type="PHYSOPT-DCP" Name="i2s_playback_physopt.dcp"/>
  <File Type="PHYSOPT-DRC" Name="i2s_playback_drc_physopted.rpt"/>
  <File Type="PHYSOPT-TIMING" Name="i2s_playback_timing_summary_physopted.rpt"/>
  <File Type="ROUTE-ERROR-DCP" Name="i2s_playback_routed_error.dcp"/>
  <File Type="ROUTE-DCP" Name="i2s_playback_routed.dcp"/>
  <File Type="ROUTE-BLACKBOX-DCP" Name="i2s_playback_routed_bb.dcp"/>
  <File Type="ROUTE-DRC" Name="i2s_playback_drc_routed.rpt"/>
  <File Type="ROUTE-DRC-PB" Name="i2s_playback_drc_routed.pb"/>
  <File Type="ROUTE-DRC-RPX" Name="i2s_playback_drc_routed.rpx"/>
  <File Type="BG-BIN" Name="i2s_playback.bin"/>
  <File Type="ROUTE-METHODOLOGY-DRC" Name="i2s_playback_methodology_drc_routed.rpt"/>
  <File Type="BG-DRC" Name="i2s_playback.drc"/>
  <File Type="ROUTE-METHODOLOGY-DRC-RPX" Name="i2s_playback_methodology_drc_routed.rpx"/>
  <File Type="BITSTR-MSK" Name="i2s_playback.msk"/>
  <File Type="ROUTE-METHODOLOGY-DRC-PB" Name="i2s_playback_methodology_drc_routed.pb"/>
  <File Type="BG-BGN" Name="i2s_playback.bgn"/>
  <File Type="ROUTE-PWR" Name="i2s_playback_power_routed.rpt"/>
  <File Type="ROUTE-PWR-SUM" Name="i2s_playback_power_summary_routed.pb"/>
  <File Type="ROUTE-STATUS" Name="i2s_playback_route_status.rpt"/>
  <File Type="ROUTE-STATUS-PB" Name="i2s_playback_route_status.pb"/>
  <File Type="ROUTE-TIMINGSUMMARY" Name="i2s_playback_timing_summary_routed.rpt"/>
  <File Type="ROUTE-TIMING-PB" Name="i2s_playback_timing_summary_routed.pb"/>
  <File Type="ROUTE-TIMING-RPX" Name="i2s_playback_timing_summary_routed.rpx"/>
  <File Type="ROUTE-SIMILARITY" Name="i2s_playback_incremental_reuse_routed.rpt"/>
  <File Type="ROUTE-CLK" Name="i2s_playback_clock_utilization_routed.rpt"/>
  <File Type="POSTROUTE-PHYSOPT-DCP" Name="i2s_playback_postroute_physopt.dcp"/>
  <File Type="POSTROUTE-PHYSOPT-BLACKBOX-DCP" Name="i2s_playback_postroute_physopt_bb.dcp"/>
  <File Type="POSTROUTE-PHYSOPT-TIMING" Name="i2s_playback_timing_summary_postroute_physopted.rpt"/>
  <File Type="POSTROUTE-PHYSOPT-TIMING-PB" Name="i2s_playback_timing_summary_postroute_physopted.pb"/>
  <File Type="POSTROUTE-PHYSOPT-TIMING-RPX" Name="i2s_playback_timing_summary_postroute_physopted.rpx"/>
  <File Type="BG-BIT" Name="i2s_playback.bit"/>
  <File Type="BITSTR-RBT" Name="i2s_playback.rbt"/>
  <File Type="BITSTR-NKY" Name="i2s_playback.nky"/>
  <File Type="BITSTR-BMM" Name="i2s_playback_bd.bmm"/>
  <File Type="BITSTR-MMI" Name="i2s_playback.mmi"/>
  <File Type="BITSTR-SYSDEF" Name="i2s_playback.sysdef"/>
  <File Type="WBT-USG" Name="usage_statistics_webtalk.html"/>
  <FileSet Name="sources" Type="DesignSrcs" RelSrcDir="$PSRCDIR/sources_1">
    <Filter Type="Srcs"/>
    <File Path="$PSRCDIR/sources_1/new/i2s_transceiver.vhd">
      <FileInfo>
        <Attr Name="ImportPath" Val="$PPRDIR/../../../../../../../../../../Xilinx/playground/pmod_i2s_quick_start/i2s_playback/i2s_playback.srcs/sources_1/new/i2s_transceiver.vhd"/>
        <Attr Name="ImportTime" Val="1553878742"/>
        <Attr Name="UsedIn" Val="synthesis"/>
        <Attr Name="UsedIn" Val="simulation"/>
      </FileInfo>
    </File>
    <File Path="$PSRCDIR/sources_1/new/i2s_playback.vhd">
      <FileInfo>
        <Attr Name="ImportPath" Val="$PPRDIR/../../../../../../../../../../Xilinx/playground/pmod_i2s_quick_start/i2s_playback/i2s_playback.srcs/sources_1/new/i2s_playback.vhd"/>
        <Attr Name="ImportTime" Val="1555691366"/>
        <Attr Name="UsedIn" Val="synthesis"/>
        <Attr Name="UsedIn" Val="simulation"/>
      </FileInfo>
    </File>
    <Config>
      <Option Name="DesignMode" Val="RTL"/>
      <Option Name="TopModule" Val="i2s_playback"/>
      <Option Name="TopAutoSet" Val="TRUE"/>
    </Config>
  </FileSet>
  <FileSet Name="constrs_in" Type="Constrs" RelSrcDir="$PSRCDIR/constrs_1">
    <Filter Type="Constrs"/>
    <File Path="$PSRCDIR/constrs_1/new/i2s_playback.xdc">
      <FileInfo>
        <Attr Name="ImportPath" Val="$PPRDIR/../../../../../../../../../../Xilinx/playground/pmod_i2s_quick_start/i2s_playback/i2s_playback.srcs/constrs_1/new/i2s_playback.xdc"/>
        <Attr Name="ImportTime" Val="1555449291"/>
        <Attr Name="UsedIn" Val="synthesis"/>
        <Attr Name="UsedIn" Val="implementation"/>
      </FileInfo>
    </File>
    <Config>
      <Option Name="TargetConstrsFile" Val="$PSRCDIR/constrs_1/new/i2s_playback.xdc"/>
      <Option Name="ConstrsType" Val="XDC"/>
    </Config>
  </FileSet>
  <Strategy Version="1" Minor="2">
    <StratHandle Name="Vivado Implementation Defaults" Flow="Vivado Implementation 2017"/>
    <Step Id="init_design"/>
    <Step Id="opt_design"/>
    <Step Id="power_opt_design"/>
    <Step Id="place_design"/>
    <Step Id="post_place_power_opt_design"/>
    <Step Id="phys_opt_design"/>
    <Step Id="route_design"/>
    <Step Id="post_route_phys_opt_design"/>
    <Step Id="write_bitstream"/>
  </Strategy>
  <BlockFileSet Type="BlockSrcs" Name="clk_wiz_0"/>
</GenRun>
