<?xml version="1.0" encoding="UTF-8"?>
<GenRun Id="Synth" LaunchPart="xc7z007sclg225-1" LaunchTime="1618914598">
  <File Type="PA-TCL" Name="System_wrapper.tcl"/>
  <File Type="RDS-PROPCONSTRS" Name="System_wrapper_drc_synth.rpt"/>
  <File Type="REPORTS-TCL" Name="System_wrapper_reports.tcl"/>
  <File Type="RDS-RDS" Name="System_wrapper.vds"/>
  <File Type="RDS-UTIL" Name="System_wrapper_utilization_synth.rpt"/>
  <File Type="RDS-UTIL-PB" Name="System_wrapper_utilization_synth.pb"/>
  <File Type="RDS-DCP" Name="System_wrapper.dcp"/>
  <File Type="VDS-TIMINGSUMMARY" Name="System_wrapper_timing_summary_synth.rpt"/>
  <File Type="VDS-TIMING-PB" Name="System_wrapper_timing_summary_synth.pb"/>
  <FileSet Name="sources" Type="DesignSrcs" RelSrcDir="$PSRCDIR/sources_1" RelGenDir="$PSRCDIR/sources_1">
    <Filter Type="Srcs"/>
    <File Path="$PSRCDIR/sources_1/bd/System/System.bd">
      <FileInfo>
        <Attr Name="ImportPath" Val="$PPRDIR/../../../../../Source/FIFO/hardware/FIFO.srcs/sources_1/bd/System/System.bd"/>
        <Attr Name="ImportTime" Val="1583756690"/>
        <Attr Name="UsedIn" Val="synthesis"/>
        <Attr Name="UsedIn" Val="implementation"/>
        <Attr Name="UsedIn" Val="simulation"/>
      </FileInfo>
    </File>
    <File Path="$PSRCDIR/sources_1/bd/System/hdl/System_wrapper.vhd">
      <FileInfo>
        <Attr Name="ImportPath" Val="$PPRDIR/../../../../../Source/FIFO/hardware/FIFO.srcs/sources_1/bd/System/hdl/System_wrapper.vhd"/>
        <Attr Name="ImportTime" Val="1583753761"/>
        <Attr Name="UsedIn" Val="synthesis"/>
        <Attr Name="UsedIn" Val="simulation"/>
      </FileInfo>
    </File>
    <Config>
      <Option Name="DesignMode" Val="RTL"/>
      <Option Name="TopModule" Val="System_wrapper"/>
      <Option Name="TopAutoSet" Val="TRUE"/>
    </Config>
  </FileSet>
  <FileSet Name="constrs_in" Type="Constrs" RelSrcDir="$PSRCDIR/constrs_1">
    <Filter Type="Constrs"/>
    <File Path="$PSRCDIR/constrs_1/new/systemXDC.xdc">
      <FileInfo>
        <Attr Name="UsedIn" Val="synthesis"/>
        <Attr Name="UsedIn" Val="implementation"/>
      </FileInfo>
    </File>
    <Config>
      <Option Name="TargetConstrsFile" Val="$PSRCDIR/constrs_1/new/systemXDC.xdc"/>
      <Option Name="ConstrsType" Val="XDC"/>
    </Config>
  </FileSet>
  <FileSet Name="utils" Type="Utils" RelSrcDir="$PSRCDIR/utils_1">
    <Filter Type="Utils"/>
    <Config>
      <Option Name="TopAutoSet" Val="TRUE"/>
    </Config>
  </FileSet>
  <Strategy Version="1" Minor="2">
    <StratHandle Name="Vivado Synthesis Defaults" Flow="Vivado Synthesis 2019"/>
    <Step Id="synth_design"/>
  </Strategy>
  <BlockFileSet Type="BlockSrcs" Name="System_axi_fifo_mm_s_0_0"/>
  <BlockFileSet Type="BlockSrcs" Name="System_rst_ProcessingSystem_100M_0"/>
  <BlockFileSet Type="BlockSrcs" Name="System_AXIS_I2S_Transmitter_0_0"/>
  <BlockFileSet Type="BlockSrcs" Name="System_processing_system7_0_1"/>
  <BlockFileSet Type="BlockSrcs" Name="System_clk_wiz_0_0"/>
</GenRun>
